Rec #,Date/Time,Temperature(degC),Pressure(psi)
1,2018-12-19 13:03,6.38,0.043
2,2018-12-19 13:18,6.31,0.044
3,2018-12-19 13:33,6.25,0.044
4,2018-12-19 13:48,6.31,0.044
5,2018-12-19 14:03,6.31,0.04
6,2018-12-19 14:18,6.31,0.039
7,2018-12-19 14:33,6.31,0.039
8,2018-12-19 14:48,6.31,0.039
9,2018-12-19 15:03,6.31,0.039
10,2018-12-19 15:18,6.31,0.039
11,2018-12-19 15:33,6.31,0.039
12,2018-12-19 15:48,6.31,0.039
13,2018-12-19 16:03,6.31,0.039
14,2018-12-19 16:18,6.25,0.038
15,2018-12-19 16:33,6.25,0.037
16,2018-12-19 16:48,6.25,0.037
17,2018-12-19 17:03,6.25,0.037
18,2018-12-19 17:18,6.25,0.036
19,2018-12-19 17:33,6.25,0.036
20,2018-12-19 17:48,6.25,0.036
21,2018-12-19 18:03,6.25,0.036
22,2018-12-19 18:18,6.25,0.036
23,2018-12-19 18:33,6.25,0.034
24,2018-12-19 18:48,6.25,0.035
25,2018-12-19 19:03,6.25,0.035
26,2018-12-19 19:18,6.25,0.035
27,2018-12-19 19:33,6.25,0.035
28,2018-12-19 19:48,6.25,0.036
29,2018-12-19 20:03,6.25,0.036
30,2018-12-19 20:18,6.25,0.036
31,2018-12-19 20:33,6.25,0.036
32,2018-12-19 20:48,6.25,0.035
33,2018-12-19 21:03,6.25,0.035
34,2018-12-19 21:18,6.25,0.035
35,2018-12-19 21:33,6.25,0.034
36,2018-12-19 21:48,6.25,0.034
37,2018-12-19 22:03,6.25,0.034
38,2018-12-19 22:18,6.25,0.034
39,2018-12-19 22:33,6.25,0.034
40,2018-12-19 22:48,6.19,0.029
41,2018-12-19 23:03,6.19,0.029
42,2018-12-19 23:18,6.19,0.03
43,2018-12-19 23:33,6.19,0.029
44,2018-12-19 23:48,6.19,0.029
45,2018-12-20 0:03,6.19,0.029
46,2018-12-20 0:18,6.19,0.03
47,2018-12-20 0:33,6.13,0.031
48,2018-12-20 0:48,6.19,0.03
49,2018-12-20 1:03,6.13,0.03
50,2018-12-20 1:18,6.13,0.031
51,2018-12-20 1:33,6.13,0.031
52,2018-12-20 1:48,6.13,0.031
53,2018-12-20 2:03,6.06,0.031
54,2018-12-20 2:18,6.13,0.032
55,2018-12-20 2:33,6.06,0.031
56,2018-12-20 2:48,6.13,0.032
57,2018-12-20 3:03,6.13,0.033
58,2018-12-20 3:18,6.13,0.034
59,2018-12-20 3:33,6.19,0.034
60,2018-12-20 3:48,6.19,0.035
61,2018-12-20 4:03,6.19,0.036
62,2018-12-20 4:18,6.25,0.036
63,2018-12-20 4:33,6.25,0.038
64,2018-12-20 4:48,6.31,0.039
65,2018-12-20 5:03,6.31,0.044
66,2018-12-20 5:18,6.31,0.05
67,2018-12-20 5:33,6.38,0.052
68,2018-12-20 5:48,6.38,0.056
69,2018-12-20 6:03,6.44,0.059
70,2018-12-20 6:18,6.44,0.062
71,2018-12-20 6:33,6.5,0.064
72,2018-12-20 6:48,6.5,0.062
73,2018-12-20 7:03,6.5,0.06
74,2018-12-20 7:18,6.5,0.059
75,2018-12-20 7:33,6.5,0.058
76,2018-12-20 7:48,6.5,0.057
77,2018-12-20 8:03,6.56,0.056
78,2018-12-20 8:18,6.56,0.057
79,2018-12-20 8:33,6.63,0.057
80,2018-12-20 8:48,6.63,0.058
81,2018-12-20 9:03,6.63,0.057
82,2018-12-20 9:18,6.63,0.057
83,2018-12-20 9:33,6.69,0.058
84,2018-12-20 9:48,6.69,0.056
85,2018-12-20 10:03,6.69,0.057
86,2018-12-20 10:18,6.69,0.056
87,2018-12-20 10:33,6.75,0.056
88,2018-12-20 10:48,6.75,0.056
89,2018-12-20 11:03,6.75,0.055
90,2018-12-20 11:18,6.75,0.055
91,2018-12-20 11:33,6.75,0.055
92,2018-12-20 11:48,6.75,0.056
93,2018-12-20 12:03,6.75,0.054
94,2018-12-20 12:18,6.75,0.051
95,2018-12-20 12:33,6.69,0.05
96,2018-12-20 12:48,6.69,0.049
97,2018-12-20 13:03,6.63,0.047
98,2018-12-20 13:18,6.56,0.047
99,2018-12-20 13:33,6.56,0.046
100,2018-12-20 13:48,6.5,0.046
101,2018-12-20 14:03,6.5,0.044
102,2018-12-20 14:18,6.44,0.043
103,2018-12-20 14:33,6.38,0.043
104,2018-12-20 14:48,6.38,0.042
105,2018-12-20 15:03,6.31,0.044
106,2018-12-20 15:18,6.25,0.037
107,2018-12-20 15:33,6.19,0.032
108,2018-12-20 15:48,6.13,0.027
109,2018-12-20 16:03,6.13,0.025
110,2018-12-20 16:18,6.06,0.026
111,2018-12-20 16:33,6.06,0.026
112,2018-12-20 16:48,6,0.025
113,2018-12-20 17:03,6,0.026
114,2018-12-20 17:18,6,0.025
115,2018-12-20 17:33,6,0.025
116,2018-12-20 17:48,6,0.026
117,2018-12-20 18:03,5.94,0.026
118,2018-12-20 18:18,5.94,0.026
119,2018-12-20 18:33,5.94,0.026
120,2018-12-20 18:48,5.94,0.025
121,2018-12-20 19:03,5.88,0.025
122,2018-12-20 19:18,5.88,0.025
123,2018-12-20 19:33,5.88,0.024
124,2018-12-20 19:48,5.88,0.024
125,2018-12-20 20:03,5.88,0.024
126,2018-12-20 20:18,5.81,0.024
127,2018-12-20 20:33,5.81,0.023
128,2018-12-20 20:48,5.81,0.023
129,2018-12-20 21:03,5.81,0.023
130,2018-12-20 21:18,5.75,0.023
131,2018-12-20 21:33,5.81,0.023
132,2018-12-20 21:48,5.75,0.023
133,2018-12-20 22:03,5.75,0.022
134,2018-12-20 22:18,5.69,0.021
135,2018-12-20 22:33,5.69,0.021
136,2018-12-20 22:48,5.63,0.02
137,2018-12-20 23:03,5.56,0.02
138,2018-12-20 23:18,5.56,0.019
139,2018-12-20 23:33,5.5,0.018
140,2018-12-20 23:48,5.5,0.017
141,2018-12-21 0:03,5.44,0.017
142,2018-12-21 0:18,5.38,0.017
143,2018-12-21 0:33,5.38,0.016
144,2018-12-21 0:48,5.31,0.015
145,2018-12-21 1:03,5.31,0.015
146,2018-12-21 1:18,5.25,0.013
147,2018-12-21 1:33,5.25,0.013
148,2018-12-21 1:48,5.19,0.012
149,2018-12-21 2:03,5.13,0.012
150,2018-12-21 2:18,5.13,0.012
151,2018-12-21 2:33,5.06,0.011
152,2018-12-21 2:48,5.06,0.01
153,2018-12-21 3:03,5.06,0.011
154,2018-12-21 3:18,5,0.01
155,2018-12-21 3:33,5,0.01
156,2018-12-21 3:48,4.94,0.003
157,2018-12-21 4:03,4.94,0.003
158,2018-12-21 4:18,4.88,0.003
159,2018-12-21 4:33,4.88,0.003
160,2018-12-21 4:48,4.88,0.003
161,2018-12-21 5:03,4.88,0.003
162,2018-12-21 5:18,4.81,0.002
163,2018-12-21 5:33,4.75,0.002
164,2018-12-21 5:48,4.75,0.002
165,2018-12-21 6:03,4.75,0.001
166,2018-12-21 6:18,4.69,0.002
167,2018-12-21 6:33,4.63,0.001
168,2018-12-21 6:48,4.63,0.001
169,2018-12-21 7:03,4.56,0.001
170,2018-12-21 7:18,4.56,0.001
171,2018-12-21 7:33,4.5,0.001
172,2018-12-21 7:48,4.5,0
173,2018-12-21 8:03,4.44,0
174,2018-12-21 8:18,4.44,0.001
175,2018-12-21 8:33,4.44,0
176,2018-12-21 8:48,4.38,0
177,2018-12-21 9:03,4.44,0
178,2018-12-21 9:18,4.44,0
179,2018-12-21 9:33,4.44,0
180,2018-12-21 9:48,4.38,-0.001
181,2018-12-21 10:03,4.44,-0.001
182,2018-12-21 10:18,4.44,-0.001
183,2018-12-21 10:33,4.44,-0.001
184,2018-12-21 10:48,4.44,-0.001
185,2018-12-21 11:03,4.44,-0.001
186,2018-12-21 11:18,4.44,-0.002
187,2018-12-21 11:33,4.44,-0.001
188,2018-12-21 11:48,4.5,-0.001
189,2018-12-21 12:03,4.5,-0.001
190,2018-12-21 12:18,4.5,-0.001
191,2018-12-21 12:33,4.56,0.002
192,2018-12-21 12:48,4.56,0.002
193,2018-12-21 13:03,4.56,0.002
194,2018-12-21 13:18,4.63,0.001
195,2018-12-21 13:33,4.63,0.002
196,2018-12-21 13:48,4.63,0.002
197,2018-12-21 14:03,4.63,0.002
198,2018-12-21 14:18,4.69,0.002
199,2018-12-21 14:33,4.63,0.002
200,2018-12-21 14:48,4.63,0.002
201,2018-12-21 15:03,4.63,0.002
202,2018-12-21 15:18,4.63,0.002
203,2018-12-21 15:33,4.63,0.002
204,2018-12-21 15:48,4.56,0.002
205,2018-12-21 16:03,4.56,0.001
206,2018-12-21 16:18,4.56,0.001
207,2018-12-21 16:33,4.5,0.001
208,2018-12-21 16:48,4.44,0.001
209,2018-12-21 17:03,4.38,0.001
210,2018-12-21 17:18,4.38,0.001
211,2018-12-21 17:33,4.38,0.002
212,2018-12-21 17:48,4.38,0.002
213,2018-12-21 18:03,4.38,0.002
214,2018-12-21 18:18,4.38,0.002
215,2018-12-21 18:33,4.38,0.002
216,2018-12-21 18:48,4.38,0.002
217,2018-12-21 19:03,4.38,0.002
218,2018-12-21 19:18,4.38,0.002
219,2018-12-21 19:33,4.38,0.002
220,2018-12-21 19:48,4.38,0.002
221,2018-12-21 20:03,4.38,0.001
222,2018-12-21 20:18,4.38,0.002
223,2018-12-21 20:33,4.38,0.002
224,2018-12-21 20:48,4.44,0.002
225,2018-12-21 21:03,4.44,0.002
226,2018-12-21 21:18,4.38,0.002
227,2018-12-21 21:33,4.44,0.002
228,2018-12-21 21:48,4.44,0.002
229,2018-12-21 22:03,4.44,0.002
230,2018-12-21 22:18,4.44,0.002
231,2018-12-21 22:33,4.44,0.002
232,2018-12-21 22:48,4.5,0.002
233,2018-12-21 23:03,4.5,0.002
234,2018-12-21 23:18,4.44,0.002
235,2018-12-21 23:33,4.44,0.002
236,2018-12-21 23:48,4.44,0.002
237,2018-12-22 0:03,4.5,0.002
238,2018-12-22 0:18,4.5,0.002
239,2018-12-22 0:33,4.44,0.002
240,2018-12-22 0:48,4.5,0.002
241,2018-12-22 1:03,4.44,0.002
242,2018-12-22 1:18,4.5,0.002
243,2018-12-22 1:33,4.44,0.002
244,2018-12-22 1:48,4.44,0.002
245,2018-12-22 2:03,4.44,0.002
246,2018-12-22 2:18,4.44,0.002
247,2018-12-22 2:33,4.44,0.002
248,2018-12-22 2:48,4.44,0.002
249,2018-12-22 3:03,4.44,0.002
250,2018-12-22 3:18,4.44,0.002
251,2018-12-22 3:33,4.38,0.002
252,2018-12-22 3:48,4.38,0.002
253,2018-12-22 4:03,4.31,0.002
254,2018-12-22 4:18,4.25,0.002
255,2018-12-22 4:33,4.19,0.002
256,2018-12-22 4:48,4.19,0.002
257,2018-12-22 5:03,4.19,0.002
258,2018-12-22 5:18,4.19,0.002
259,2018-12-22 5:33,4.19,0.002
260,2018-12-22 5:48,4.19,0.002
261,2018-12-22 6:03,4.19,0.002
262,2018-12-22 6:18,4.19,0.002
263,2018-12-22 6:33,4.19,0.002
264,2018-12-22 6:48,4.19,0.002
265,2018-12-22 7:03,4.19,0.002
266,2018-12-22 7:18,4.19,0.002
267,2018-12-22 7:33,4.13,0.002
268,2018-12-22 7:48,4.13,0.002
269,2018-12-22 8:03,4.13,0.002
270,2018-12-22 8:18,4.13,0.002
271,2018-12-22 8:33,4.13,0.002
272,2018-12-22 8:48,4.13,0.002
273,2018-12-22 9:03,4.13,0.002
274,2018-12-22 9:18,4.13,0.002
275,2018-12-22 9:33,4.13,0.002
276,2018-12-22 9:48,4.13,0.002
277,2018-12-22 10:03,4.19,0.002
278,2018-12-22 10:18,4.13,0.002
279,2018-12-22 10:33,4.13,0.002
280,2018-12-22 10:48,4.19,0.002
281,2018-12-22 11:03,4.19,0.002
282,2018-12-22 11:18,4.19,0.002
283,2018-12-22 11:33,4.19,0.002
284,2018-12-22 11:48,4.25,0.002
285,2018-12-22 12:03,4.25,0.002
286,2018-12-22 12:18,4.25,0.002
287,2018-12-22 12:33,4.25,0.002
288,2018-12-22 12:48,4.31,0.002
289,2018-12-22 13:03,4.31,0.002
290,2018-12-22 13:18,4.31,0.002
291,2018-12-22 13:33,4.31,0.002
292,2018-12-22 13:48,4.31,0.002
293,2018-12-22 14:03,4.31,0.002
294,2018-12-22 14:18,4.38,0.002
295,2018-12-22 14:33,4.38,0.002
296,2018-12-22 14:48,4.38,0.002
297,2018-12-22 15:03,4.38,0.002
298,2018-12-22 15:18,4.38,0.002
299,2018-12-22 15:33,4.38,0.002
300,2018-12-22 15:48,4.38,0.002
301,2018-12-22 16:03,4.44,0.002
302,2018-12-22 16:18,4.38,0.002
303,2018-12-22 16:33,4.38,0.002
304,2018-12-22 16:48,4.38,0.002
305,2018-12-22 17:03,4.31,0.002
306,2018-12-22 17:18,4.31,0.002
307,2018-12-22 17:33,4.31,0.002
308,2018-12-22 17:48,4.31,0.002
309,2018-12-22 18:03,4.38,0.002
310,2018-12-22 18:18,4.38,0.002
311,2018-12-22 18:33,4.31,0.002
312,2018-12-22 18:48,4.31,0.002
313,2018-12-22 19:03,4.25,0.002
314,2018-12-22 19:18,4.25,0.002
315,2018-12-22 19:33,4.31,0.002
316,2018-12-22 19:48,4.38,0.002
317,2018-12-22 20:03,4.44,0.002
318,2018-12-22 20:18,4.38,0.002
319,2018-12-22 20:33,4.38,0.002
320,2018-12-22 20:48,4.44,0.002
321,2018-12-22 21:03,4.38,0.002
322,2018-12-22 21:18,4.44,0.002
323,2018-12-22 21:33,4.44,0.002
324,2018-12-22 21:48,4.44,0.002
325,2018-12-22 22:03,4.56,0.002
326,2018-12-22 22:18,4.63,0.002
327,2018-12-22 22:33,4.56,0.001
328,2018-12-22 22:48,4.5,0.002
329,2018-12-22 23:03,4.44,0.002
330,2018-12-22 23:18,4.44,0.002
331,2018-12-22 23:33,4.44,0.002
332,2018-12-22 23:48,4.63,0
333,2018-12-23 0:03,4.69,0
334,2018-12-23 0:18,4.75,0
335,2018-12-23 0:33,4.75,-0.002
336,2018-12-23 0:48,4.63,-0.004
337,2018-12-23 1:03,4.63,-0.004
338,2018-12-23 1:18,4.63,-0.003
339,2018-12-23 1:33,4.63,-0.003
340,2018-12-23 1:48,4.63,-0.003
341,2018-12-23 2:03,4.63,-0.003
342,2018-12-23 2:18,4.69,-0.003
343,2018-12-23 2:33,4.63,-0.004
344,2018-12-23 2:48,4.69,-0.004
345,2018-12-23 3:03,4.69,-0.004
346,2018-12-23 3:18,4.69,-0.003
347,2018-12-23 3:33,4.69,-0.003
348,2018-12-23 3:48,4.75,-0.002
349,2018-12-23 4:03,4.75,-0.003
350,2018-12-23 4:18,4.75,-0.003
351,2018-12-23 4:33,4.75,-0.003
352,2018-12-23 4:48,4.75,-0.003
353,2018-12-23 5:03,4.75,-0.003
354,2018-12-23 5:18,4.75,-0.002
355,2018-12-23 5:33,4.81,-0.002
356,2018-12-23 5:48,4.81,-0.002
357,2018-12-23 6:03,4.88,-0.002
358,2018-12-23 6:18,4.88,-0.002
359,2018-12-23 6:33,4.88,-0.002
360,2018-12-23 6:48,4.88,0.005
361,2018-12-23 7:03,5,-0.002
362,2018-12-23 7:18,4.94,-0.003
363,2018-12-23 7:33,4.94,-0.002
364,2018-12-23 7:48,4.94,-0.003
365,2018-12-23 8:03,4.94,-0.003
366,2018-12-23 8:18,4.94,-0.003
367,2018-12-23 8:33,4.94,-0.003
368,2018-12-23 8:48,4.94,-0.003
369,2018-12-23 9:03,4.94,-0.003
370,2018-12-23 9:18,4.94,-0.004
371,2018-12-23 9:33,4.94,-0.004
372,2018-12-23 9:48,4.94,-0.003
373,2018-12-23 10:03,5,-0.004
374,2018-12-23 10:18,5,-0.003
375,2018-12-23 10:33,5,-0.004
376,2018-12-23 10:48,5,-0.003
377,2018-12-23 11:03,5,-0.003
378,2018-12-23 11:18,5.06,-0.003
379,2018-12-23 11:33,5.06,-0.003
380,2018-12-23 11:48,5.06,-0.003
381,2018-12-23 12:03,5.06,-0.002
382,2018-12-23 12:18,5.13,-0.002
383,2018-12-23 12:33,5.13,-0.002
384,2018-12-23 12:48,5.19,-0.002
385,2018-12-23 13:03,5.19,-0.002
386,2018-12-23 13:18,5.19,-0.001
387,2018-12-23 13:33,5.19,-0.002
388,2018-12-23 13:48,5.19,-0.001
389,2018-12-23 14:03,5.19,-0.002
390,2018-12-23 14:18,5.19,-0.002
391,2018-12-23 14:33,5.19,-0.002
392,2018-12-23 14:48,5.19,-0.002
393,2018-12-23 15:03,5.19,-0.002
394,2018-12-23 15:18,5.25,-0.002
395,2018-12-23 15:33,5.25,-0.002
396,2018-12-23 15:48,5.25,-0.002
397,2018-12-23 16:03,5.25,-0.002
398,2018-12-23 16:18,5.19,-0.002
399,2018-12-23 16:33,5.19,-0.003
400,2018-12-23 16:48,5.19,-0.003
401,2018-12-23 17:03,5.19,-0.003
402,2018-12-23 17:18,5.19,-0.003
403,2018-12-23 17:33,5.19,-0.003
404,2018-12-23 17:48,5.13,-0.003
405,2018-12-23 18:03,5.19,-0.003
406,2018-12-23 18:18,5.19,-0.003
407,2018-12-23 18:33,5.13,-0.003
408,2018-12-23 18:48,5.19,-0.003
409,2018-12-23 19:03,5.13,-0.003
410,2018-12-23 19:18,5.13,-0.004
411,2018-12-23 19:33,5.13,-0.004
412,2018-12-23 19:48,5.06,-0.004
413,2018-12-23 20:03,5.06,-0.004
414,2018-12-23 20:18,5.06,-0.004
415,2018-12-23 20:33,5.06,-0.004
416,2018-12-23 20:48,5.06,-0.004
417,2018-12-23 21:03,5,-0.004
418,2018-12-23 21:18,5,-0.004
419,2018-12-23 21:33,5,-0.005
420,2018-12-23 21:48,5,-0.005
421,2018-12-23 22:03,4.94,-0.005
422,2018-12-23 22:18,4.94,-0.005
423,2018-12-23 22:33,4.94,-0.005
424,2018-12-23 22:48,4.88,-0.005
425,2018-12-23 23:03,4.88,-0.005
426,2018-12-23 23:18,4.88,-0.005
427,2018-12-23 23:33,4.88,-0.005
428,2018-12-23 23:48,4.81,-0.005
429,2018-12-24 0:03,4.81,-0.005
430,2018-12-24 0:18,4.88,-0.005
431,2018-12-24 0:33,4.81,-0.005
432,2018-12-24 0:48,4.88,-0.005
433,2018-12-24 1:03,4.88,-0.005
434,2018-12-24 1:18,4.81,-0.005
435,2018-12-24 1:33,4.81,-0.005
436,2018-12-24 1:48,4.81,-0.005
437,2018-12-24 2:03,4.75,-0.006
438,2018-12-24 2:18,4.75,-0.006
439,2018-12-24 2:33,4.69,-0.006
440,2018-12-24 2:48,4.69,-0.006
441,2018-12-24 3:03,4.69,-0.006
442,2018-12-24 3:18,4.69,-0.006
443,2018-12-24 3:33,4.69,-0.006
444,2018-12-24 3:48,4.69,-0.006
445,2018-12-24 4:03,4.69,-0.005
446,2018-12-24 4:18,4.69,-0.005
447,2018-12-24 4:33,4.69,-0.005
448,2018-12-24 4:48,4.69,-0.005
449,2018-12-24 5:03,4.69,-0.005
450,2018-12-24 5:18,4.69,-0.005
451,2018-12-24 5:33,4.69,-0.004
452,2018-12-24 5:48,4.69,-0.004
453,2018-12-24 6:03,4.69,-0.004
454,2018-12-24 6:18,4.75,-0.004
455,2018-12-24 6:33,4.75,-0.003
456,2018-12-24 6:48,4.75,-0.003
457,2018-12-24 7:03,4.75,-0.003
458,2018-12-24 7:18,4.81,-0.003
459,2018-12-24 7:33,4.81,-0.003
460,2018-12-24 7:48,4.81,-0.003
461,2018-12-24 8:03,4.81,-0.003
462,2018-12-24 8:18,4.81,-0.003
463,2018-12-24 8:33,4.88,-0.003
464,2018-12-24 8:48,4.88,-0.003
465,2018-12-24 9:03,4.88,-0.003
466,2018-12-24 9:18,4.88,-0.003
467,2018-12-24 9:33,4.88,-0.002
468,2018-12-24 9:48,4.94,-0.002
469,2018-12-24 10:03,4.94,-0.002
470,2018-12-24 10:18,4.94,-0.002
471,2018-12-24 10:33,4.94,-0.002
472,2018-12-24 10:48,5,-0.001
473,2018-12-24 11:03,5,-0.001
474,2018-12-24 11:18,5,-0.001
475,2018-12-24 11:33,5,-0.001
476,2018-12-24 11:48,5.06,0
477,2018-12-24 12:03,5.06,0
478,2018-12-24 12:18,5.06,0
479,2018-12-24 12:33,5.06,0.001
480,2018-12-24 12:48,5.13,0.002
481,2018-12-24 13:03,5.13,0.002
482,2018-12-24 13:18,5.13,0.002
483,2018-12-24 13:33,5.19,0.002
484,2018-12-24 13:48,5.19,0.002
485,2018-12-24 14:03,5.19,0.002
486,2018-12-24 14:18,5.19,0.002
487,2018-12-24 14:33,5.19,0.002
488,2018-12-24 14:48,5.19,0.002
489,2018-12-24 15:03,5.19,0.002
490,2018-12-24 15:18,5.19,0.002
491,2018-12-24 15:33,5.19,0.002
492,2018-12-24 15:48,5.19,0.002
493,2018-12-24 16:03,5.19,0.002
494,2018-12-24 16:18,5.25,0.002
495,2018-12-24 16:33,5.19,0.002
496,2018-12-24 16:48,5.19,0.002
497,2018-12-24 17:03,5.19,0.002
498,2018-12-24 17:18,5.19,0.002
499,2018-12-24 17:33,5.13,0.002
500,2018-12-24 17:48,5.13,0.002
501,2018-12-24 18:03,5.13,0.002
502,2018-12-24 18:18,5.13,0.002
503,2018-12-24 18:33,5.13,0.002
504,2018-12-24 18:48,5.13,0.002
505,2018-12-24 19:03,5.13,0.002
506,2018-12-24 19:18,5.06,0.002
507,2018-12-24 19:33,5.06,0.002
508,2018-12-24 19:48,5.06,0.002
509,2018-12-24 20:03,5.06,0.002
510,2018-12-24 20:18,5.06,0.002
511,2018-12-24 20:33,5,0.002
512,2018-12-24 20:48,5,0.002
513,2018-12-24 21:03,5,0.002
514,2018-12-24 21:18,5,0.002
515,2018-12-24 21:33,4.94,0.002
516,2018-12-24 21:48,4.94,0.002
517,2018-12-24 22:03,4.94,0.002
518,2018-12-24 22:18,4.94,0.002
519,2018-12-24 22:33,4.94,0.002
520,2018-12-24 22:48,4.94,0.002
521,2018-12-24 23:03,4.94,0.002
522,2018-12-24 23:18,4.88,0.002
523,2018-12-24 23:33,4.88,0.002
524,2018-12-24 23:48,4.88,0.002
525,2018-12-25 0:03,4.88,0.002
526,2018-12-25 0:18,4.88,0.002
527,2018-12-25 0:33,4.81,0.002
528,2018-12-25 0:48,4.81,0.002
529,2018-12-25 1:03,4.81,0.002
530,2018-12-25 1:18,4.75,0.002
531,2018-12-25 1:33,4.75,0.002
532,2018-12-25 1:48,4.75,0.002
533,2018-12-25 2:03,4.75,0.002
534,2018-12-25 2:18,4.69,0.002
535,2018-12-25 2:33,4.63,0.002
536,2018-12-25 2:48,4.63,0.002
537,2018-12-25 3:03,4.63,0.002
538,2018-12-25 3:18,4.63,0.002
539,2018-12-25 3:33,4.63,0.002
540,2018-12-25 3:48,4.63,0.002
541,2018-12-25 4:03,4.56,0.002
542,2018-12-25 4:18,4.56,0.002
543,2018-12-25 4:33,4.5,0.002
544,2018-12-25 4:48,4.5,0.002
545,2018-12-25 5:03,4.44,0.002
546,2018-12-25 5:18,4.44,0.002
547,2018-12-25 5:33,4.44,0.002
548,2018-12-25 5:48,4.44,0.002
549,2018-12-25 6:03,4.44,0.002
550,2018-12-25 6:18,4.44,0.002
551,2018-12-25 6:33,4.44,0.002
552,2018-12-25 6:48,4.38,0.002
553,2018-12-25 7:03,4.38,0.002
554,2018-12-25 7:18,4.31,0.002
555,2018-12-25 7:33,4.31,0.002
556,2018-12-25 7:48,4.25,0.002
557,2018-12-25 8:03,4.25,0.002
558,2018-12-25 8:18,4.19,0.002
559,2018-12-25 8:33,4.13,0.002
560,2018-12-25 8:48,4.13,0.002
561,2018-12-25 9:03,4.13,0.002
562,2018-12-25 9:18,4.13,0.002
563,2018-12-25 9:33,4.06,0.002
564,2018-12-25 9:48,4.06,0.002
565,2018-12-25 10:03,4.13,0.002
566,2018-12-25 10:18,4.06,0.002
567,2018-12-25 10:33,4.06,0.002
568,2018-12-25 10:48,4.06,0.002
569,2018-12-25 11:03,4.06,0.002
570,2018-12-25 11:18,4.06,0.002
571,2018-12-25 11:33,4.13,0.002
572,2018-12-25 11:48,4.13,0.002
573,2018-12-25 12:03,4.13,0.002
574,2018-12-25 12:18,4.19,0.002
575,2018-12-25 12:33,4.19,0.002
576,2018-12-25 12:48,4.25,0.002
577,2018-12-25 13:03,4.25,0.002
578,2018-12-25 13:18,4.25,0.002
579,2018-12-25 13:33,4.25,0.002
580,2018-12-25 13:48,4.31,0.002
581,2018-12-25 14:03,4.31,0.002
582,2018-12-25 14:18,4.31,0.002
583,2018-12-25 14:33,4.31,0.002
584,2018-12-25 14:48,4.31,0.002
585,2018-12-25 15:03,4.31,0.002
586,2018-12-25 15:18,4.38,0.002
587,2018-12-25 15:33,4.31,0.002
588,2018-12-25 15:48,4.38,0.002
589,2018-12-25 16:03,4.31,0.002
590,2018-12-25 16:18,4.31,0.002
591,2018-12-25 16:33,4.31,0.002
592,2018-12-25 16:48,4.31,0.002
593,2018-12-25 17:03,4.31,0.002
594,2018-12-25 17:18,4.31,0.002
595,2018-12-25 17:33,4.31,0.002
596,2018-12-25 17:48,4.25,0.002
597,2018-12-25 18:03,4.25,0.002
598,2018-12-25 18:18,4.25,0.002
599,2018-12-25 18:33,4.25,0.002
600,2018-12-25 18:48,4.25,0.002
601,2018-12-25 19:03,4.25,0.002
602,2018-12-25 19:18,4.25,0.002
603,2018-12-25 19:33,4.25,0.002
604,2018-12-25 19:48,4.25,0.002
605,2018-12-25 20:03,4.25,0.002
606,2018-12-25 20:18,4.25,0.002
607,2018-12-25 20:33,4.25,0.002
608,2018-12-25 20:48,4.25,0.002
609,2018-12-25 21:03,4.25,0.002
610,2018-12-25 21:18,4.25,0.002
611,2018-12-25 21:33,4.25,0.002
612,2018-12-25 21:48,4.25,0.002
613,2018-12-25 22:03,4.25,0.002
614,2018-12-25 22:18,4.25,0.002
615,2018-12-25 22:33,4.25,0.002
616,2018-12-25 22:48,4.25,0.002
617,2018-12-25 23:03,4.25,0.002
618,2018-12-25 23:18,4.25,0.002
619,2018-12-25 23:33,4.25,0.002
620,2018-12-25 23:48,4.25,0.002
621,2018-12-26 0:03,4.25,0.002
622,2018-12-26 0:18,4.25,0.002
623,2018-12-26 0:33,4.25,0.002
624,2018-12-26 0:48,4.25,0.002
625,2018-12-26 1:03,4.25,0.002
626,2018-12-26 1:18,4.25,0.002
627,2018-12-26 1:33,4.25,0.002
628,2018-12-26 1:48,4.25,0.002
629,2018-12-26 2:03,4.25,0.002
630,2018-12-26 2:18,4.25,0.002
631,2018-12-26 2:33,4.25,0.002
632,2018-12-26 2:48,4.25,0.002
633,2018-12-26 3:03,4.25,0.002
634,2018-12-26 3:18,4.25,0.002
635,2018-12-26 3:33,4.25,0.002
636,2018-12-26 3:48,4.25,0.002
637,2018-12-26 4:03,4.19,0.002
638,2018-12-26 4:18,4.19,0.002
639,2018-12-26 4:33,4.19,0.002
640,2018-12-26 4:48,4.19,0.002
641,2018-12-26 5:03,4.19,0.002
642,2018-12-26 5:18,4.19,0.002
643,2018-12-26 5:33,4.13,0.002
644,2018-12-26 5:48,4.13,0.002
645,2018-12-26 6:03,4.13,0.002
646,2018-12-26 6:18,4.13,0.002
647,2018-12-26 6:33,4.13,0.002
648,2018-12-26 6:48,4.19,0.002
649,2018-12-26 7:03,4.19,0.002
650,2018-12-26 7:18,4.13,0.002
651,2018-12-26 7:33,4.13,0.002
652,2018-12-26 7:48,4.13,0.002
653,2018-12-26 8:03,4.13,0.002
654,2018-12-26 8:18,4.19,0.002
655,2018-12-26 8:33,4.13,0.002
656,2018-12-26 8:48,4.13,0.002
657,2018-12-26 9:03,4.13,0.002
658,2018-12-26 9:18,4.13,0.002
659,2018-12-26 9:33,4.13,0.002
660,2018-12-26 9:48,4.13,0.002
661,2018-12-26 10:03,4.13,0.002
662,2018-12-26 10:18,4.13,0.002
663,2018-12-26 10:33,4.19,0.002
664,2018-12-26 10:48,4.19,0.002
665,2018-12-26 11:03,4.25,0.002
666,2018-12-26 11:18,4.25,0.002
667,2018-12-26 11:33,4.25,0.002
668,2018-12-26 11:48,4.25,0.002
669,2018-12-26 12:03,4.31,0.002
670,2018-12-26 12:18,4.31,0.002
671,2018-12-26 12:33,4.31,0.002
672,2018-12-26 12:48,4.31,0.002
673,2018-12-26 13:03,4.31,0.002
674,2018-12-26 13:18,4.31,0.002
675,2018-12-26 13:33,4.31,0.002
676,2018-12-26 13:48,4.31,0.002
677,2018-12-26 14:03,4.31,0.002
678,2018-12-26 14:18,4.38,0.002
679,2018-12-26 14:33,4.38,0.002
680,2018-12-26 14:48,4.31,0.002
681,2018-12-26 15:03,4.31,0.002
682,2018-12-26 15:18,4.31,0.002
683,2018-12-26 15:33,4.31,0.002
684,2018-12-26 15:48,4.31,0.002
685,2018-12-26 16:03,4.31,0.002
686,2018-12-26 16:18,4.31,0.002
687,2018-12-26 16:33,4.38,0.002
688,2018-12-26 16:48,4.38,0.002
689,2018-12-26 17:03,4.38,0.002
690,2018-12-26 17:18,4.38,0.002
691,2018-12-26 17:33,4.31,0.002
692,2018-12-26 17:48,4.31,0.002
693,2018-12-26 18:03,4.31,0.002
694,2018-12-26 18:18,4.31,0.002
695,2018-12-26 18:33,4.38,0.002
696,2018-12-26 18:48,4.31,0.002
697,2018-12-26 19:03,4.38,0.002
698,2018-12-26 19:18,4.31,0.002
699,2018-12-26 19:33,4.31,0.002
700,2018-12-26 19:48,4.31,0.002
701,2018-12-26 20:03,4.31,0.002
702,2018-12-26 20:18,4.31,0.002
703,2018-12-26 20:33,4.31,0.002
704,2018-12-26 20:48,4.31,0.002
705,2018-12-26 21:03,4.38,0.002
706,2018-12-26 21:18,4.38,0.002
707,2018-12-26 21:33,4.31,0.002
708,2018-12-26 21:48,4.31,0.002
709,2018-12-26 22:03,4.31,0.002
710,2018-12-26 22:18,4.25,0.002
711,2018-12-26 22:33,4.25,0.002
712,2018-12-26 22:48,4.25,0.002
713,2018-12-26 23:03,4.19,0.002
714,2018-12-26 23:18,4.19,0.002
715,2018-12-26 23:33,4.13,0.002
716,2018-12-26 23:48,4.13,0.002
717,2018-12-27 0:03,4.13,0.002
718,2018-12-27 0:18,4.13,0.002
719,2018-12-27 0:33,4.13,0.002
720,2018-12-27 0:48,4.13,0.002
721,2018-12-27 1:03,4.06,0.002
722,2018-12-27 1:18,4.06,0.002
723,2018-12-27 1:33,4.13,0.002
724,2018-12-27 1:48,4.06,0.002
725,2018-12-27 2:03,4.06,0.002
726,2018-12-27 2:18,4.06,0.002
727,2018-12-27 2:33,4.06,0.002
728,2018-12-27 2:48,4.06,0.002
729,2018-12-27 3:03,4,0.002
730,2018-12-27 3:18,4,0.002
731,2018-12-27 3:33,4,0.002
732,2018-12-27 3:48,4,0.002
733,2018-12-27 4:03,3.94,0.002
734,2018-12-27 4:18,3.88,0.002
735,2018-12-27 4:33,3.88,0.002
736,2018-12-27 4:48,3.88,0.002
737,2018-12-27 5:03,3.88,0.002
738,2018-12-27 5:18,3.81,0.002
739,2018-12-27 5:33,3.81,0.002
740,2018-12-27 5:48,3.81,0.002
741,2018-12-27 6:03,3.81,0.002
742,2018-12-27 6:18,3.81,0.002
743,2018-12-27 6:33,3.75,0.002
744,2018-12-27 6:48,3.81,0.002
745,2018-12-27 7:03,3.81,0.002
746,2018-12-27 7:18,3.81,0.002
747,2018-12-27 7:33,3.81,0.002
748,2018-12-27 7:48,3.81,0.002
749,2018-12-27 8:03,3.81,0.002
750,2018-12-27 8:18,3.81,0.002
751,2018-12-27 8:33,3.75,0.002
752,2018-12-27 8:48,3.75,0.002
753,2018-12-27 9:03,3.81,0.002
754,2018-12-27 9:18,3.81,0.002
755,2018-12-27 9:33,3.81,0.002
756,2018-12-27 9:48,3.81,0.002
757,2018-12-27 10:03,3.88,0.002
758,2018-12-27 10:18,3.88,0.002
759,2018-12-27 10:33,3.88,0.002
760,2018-12-27 10:48,3.94,0.002
761,2018-12-27 11:03,3.94,0.002
762,2018-12-27 11:18,3.94,0.002
763,2018-12-27 11:33,4,0.002
764,2018-12-27 11:48,4,0.002
765,2018-12-27 12:03,4,0.002
766,2018-12-27 12:18,4.06,0.002
767,2018-12-27 12:33,4.06,0.002
768,2018-12-27 12:48,4.06,0.002
769,2018-12-27 13:03,4.06,0.002
770,2018-12-27 13:18,4.06,0.002
771,2018-12-27 13:33,4.13,0.002
772,2018-12-27 13:48,4.13,0.002
773,2018-12-27 14:03,4.13,0.002
774,2018-12-27 14:18,4.13,0.002
775,2018-12-27 14:33,4.19,0.002
776,2018-12-27 14:48,4.19,0.002
777,2018-12-27 15:03,4.19,0.002
778,2018-12-27 15:18,4.19,0.002
779,2018-12-27 15:33,4.19,0.002
780,2018-12-27 15:48,4.13,0.002
781,2018-12-27 16:03,4.19,0.002
782,2018-12-27 16:18,4.19,0.002
783,2018-12-27 16:33,4.19,0.002
784,2018-12-27 16:48,4.13,0.002
785,2018-12-27 17:03,4.13,0.002
786,2018-12-27 17:18,4.13,0.002
787,2018-12-27 17:33,4.13,0.002
788,2018-12-27 17:48,4.13,0.002
789,2018-12-27 18:03,4.13,0.002
790,2018-12-27 18:18,4.13,0.002
791,2018-12-27 18:33,4.13,0.002
792,2018-12-27 18:48,4.13,0.002
793,2018-12-27 19:03,4.06,0.002
794,2018-12-27 19:18,4.13,0.002
795,2018-12-27 19:33,4.13,0.002
796,2018-12-27 19:48,4.13,0.002
797,2018-12-27 20:03,4.13,0.002
798,2018-12-27 20:18,4.13,0.002
799,2018-12-27 20:33,4.13,0.002
800,2018-12-27 20:48,4.13,0.002
801,2018-12-27 21:03,4.13,0.002
802,2018-12-27 21:18,4.13,0.002
803,2018-12-27 21:33,4.13,0.002
804,2018-12-27 21:48,4.13,0.002
805,2018-12-27 22:03,4.13,0.002
806,2018-12-27 22:18,4.13,0.002
807,2018-12-27 22:33,4.13,0.002
808,2018-12-27 22:48,4.13,0.002
809,2018-12-27 23:03,4.13,0.002
810,2018-12-27 23:18,4.19,0.002
811,2018-12-27 23:33,4.13,0.002
812,2018-12-27 23:48,4.13,0.002
813,2018-12-28 0:03,4.13,0.002
814,2018-12-28 0:18,4.13,0.002
815,2018-12-28 0:33,4.13,0.002
816,2018-12-28 0:48,4.19,0.002
817,2018-12-28 1:03,4.13,0.002
818,2018-12-28 1:18,4.13,0.002
819,2018-12-28 1:33,4.13,0.002
820,2018-12-28 1:48,4.13,0.002
821,2018-12-28 2:03,4.13,0.002
822,2018-12-28 2:18,4.13,0.002
823,2018-12-28 2:33,4.13,0.002
824,2018-12-28 2:48,4.19,0.002
825,2018-12-28 3:03,4.19,0.002
826,2018-12-28 3:18,4.19,0.002
827,2018-12-28 3:33,4.19,0.002
828,2018-12-28 3:48,4.19,0.002
829,2018-12-28 4:03,4.19,0.002
830,2018-12-28 4:18,4.19,0.002
831,2018-12-28 4:33,4.19,0.002
832,2018-12-28 4:48,4.19,0.002
833,2018-12-28 5:03,4.19,0.002
834,2018-12-28 5:18,4.19,0.002
835,2018-12-28 5:33,4.19,0.002
836,2018-12-28 5:48,4.19,0.002
837,2018-12-28 6:03,4.19,0.002
838,2018-12-28 6:18,4.19,0.002
839,2018-12-28 6:33,4.19,0.002
840,2018-12-28 6:48,4.19,0.002
841,2018-12-28 7:03,4.19,0.002
842,2018-12-28 7:18,4.19,0.002
843,2018-12-28 7:33,4.19,0.002
844,2018-12-28 7:48,4.13,0.002
845,2018-12-28 8:03,4.13,0.002
846,2018-12-28 8:18,4.13,0.002
847,2018-12-28 8:33,4.13,0.002
848,2018-12-28 8:48,4.19,0.002
849,2018-12-28 9:03,4.13,0.002
850,2018-12-28 9:18,4.13,0.002
851,2018-12-28 9:33,4.13,0.002
852,2018-12-28 9:48,4.13,0.002
853,2018-12-28 10:03,4.19,0.002
854,2018-12-28 10:18,4.13,0.002
855,2018-12-28 10:33,4.13,0.002
856,2018-12-28 10:48,4.13,0.002
857,2018-12-28 11:03,4.19,0.002
858,2018-12-28 11:18,4.19,0.002
859,2018-12-28 11:33,4.19,0.002
860,2018-12-28 11:48,4.19,0.002
861,2018-12-28 12:03,4.19,0.002
862,2018-12-28 12:18,4.19,0.002
863,2018-12-28 12:33,4.19,0.002
864,2018-12-28 12:48,4.19,0.002
865,2018-12-28 13:03,4.19,0.002
866,2018-12-28 13:18,4.19,0.002
867,2018-12-28 13:33,4.19,0.002
868,2018-12-28 13:48,4.19,0.002
869,2018-12-28 14:03,4.19,0.002
870,2018-12-28 14:18,4.19,0.002
871,2018-12-28 14:33,4.19,0.002
872,2018-12-28 14:48,4.25,0.002
873,2018-12-28 15:03,4.25,0.002
874,2018-12-28 15:18,4.25,0.002
875,2018-12-28 15:33,4.25,0.002
876,2018-12-28 15:48,4.25,0.002
877,2018-12-28 16:03,4.25,0.002
878,2018-12-28 16:18,4.31,0.002
879,2018-12-28 16:33,4.31,0.002
880,2018-12-28 16:48,4.31,0.002
881,2018-12-28 17:03,4.31,0.002
882,2018-12-28 17:18,4.31,0.002
883,2018-12-28 17:33,4.31,0.002
884,2018-12-28 17:48,4.31,0.002
885,2018-12-28 18:03,4.38,0.002
886,2018-12-28 18:18,4.38,0.002
887,2018-12-28 18:33,4.38,0.002
888,2018-12-28 18:48,4.38,0.002
889,2018-12-28 19:03,4.38,0.002
890,2018-12-28 19:18,4.38,0.002
891,2018-12-28 19:33,4.44,0.002
892,2018-12-28 19:48,4.44,0.002
893,2018-12-28 20:03,4.44,0.002
894,2018-12-28 20:18,4.44,0.002
895,2018-12-28 20:33,4.44,0.002
896,2018-12-28 20:48,4.5,0.002
897,2018-12-28 21:03,4.5,0.002
898,2018-12-28 21:18,4.5,0.002
899,2018-12-28 21:33,4.5,0.002
900,2018-12-28 21:48,4.5,0.002
901,2018-12-28 22:03,4.56,0.002
902,2018-12-28 22:18,4.56,0.002
903,2018-12-28 22:33,4.56,0.002
904,2018-12-28 22:48,4.56,0.002
905,2018-12-28 23:03,4.56,0.002
906,2018-12-28 23:18,4.56,0.002
907,2018-12-28 23:33,4.63,0.002
908,2018-12-28 23:48,4.56,0.002
909,2018-12-29 0:03,4.63,0.002
910,2018-12-29 0:18,4.63,0.002
911,2018-12-29 0:33,4.63,0.002
912,2018-12-29 0:48,4.63,0.002
913,2018-12-29 1:03,4.63,0.002
914,2018-12-29 1:18,4.63,0.002
915,2018-12-29 1:33,4.69,0.002
916,2018-12-29 1:48,4.69,0.002
917,2018-12-29 2:03,4.69,0.002
918,2018-12-29 2:18,4.69,0.002
919,2018-12-29 2:33,4.69,0.002
920,2018-12-29 2:48,4.75,0.002
921,2018-12-29 3:03,4.75,0.002
922,2018-12-29 3:18,4.75,0.002
923,2018-12-29 3:33,4.75,0.002
924,2018-12-29 3:48,4.81,0.002
925,2018-12-29 4:03,4.81,0.002
926,2018-12-29 4:18,4.81,0.002
927,2018-12-29 4:33,4.88,0.002
928,2018-12-29 4:48,4.88,0.002
929,2018-12-29 5:03,4.94,0.002
930,2018-12-29 5:18,4.94,0.002
931,2018-12-29 5:33,5,0.002
932,2018-12-29 5:48,5,0.002
933,2018-12-29 6:03,5.06,0.002
934,2018-12-29 6:18,5.06,0.002
935,2018-12-29 6:33,5.13,0.002
936,2018-12-29 6:48,5.13,0.002
937,2018-12-29 7:03,5.19,0.002
938,2018-12-29 7:18,5.19,0.002
939,2018-12-29 7:33,5.19,0.002
940,2018-12-29 7:48,5.19,0.002
941,2018-12-29 8:03,5.25,0.002
942,2018-12-29 8:18,5.25,0.002
943,2018-12-29 8:33,5.31,0.002
944,2018-12-29 8:48,5.31,0.002
945,2018-12-29 9:03,5.31,0.002
946,2018-12-29 9:18,5.31,0.002
947,2018-12-29 9:33,5.38,0.002
948,2018-12-29 9:48,5.38,0.002
949,2018-12-29 10:03,5.38,0.002
950,2018-12-29 10:18,5.44,0.002
951,2018-12-29 10:33,5.44,0.002
952,2018-12-29 10:48,5.5,0.002
953,2018-12-29 11:03,5.5,0.002
954,2018-12-29 11:18,5.56,0.002
955,2018-12-29 11:33,5.56,0.002
956,2018-12-29 11:48,5.56,0.002
957,2018-12-29 12:03,5.63,0.002
958,2018-12-29 12:18,5.63,0.002
959,2018-12-29 12:33,5.63,0.002
960,2018-12-29 12:48,5.69,0.002
961,2018-12-29 13:03,5.69,0.002
962,2018-12-29 13:18,5.69,0.002
963,2018-12-29 13:33,5.75,0.002
964,2018-12-29 13:48,5.69,0.002
965,2018-12-29 14:03,5.75,0.002
966,2018-12-29 14:18,5.75,0.002
967,2018-12-29 14:33,5.75,0.002
968,2018-12-29 14:48,5.75,0.002
969,2018-12-29 15:03,5.75,0.002
970,2018-12-29 15:18,5.81,0.002
971,2018-12-29 15:33,5.81,0.002
972,2018-12-29 15:48,5.81,0.002
973,2018-12-29 16:03,5.81,0.002
974,2018-12-29 16:18,5.81,0.002
975,2018-12-29 16:33,5.81,0.001
976,2018-12-29 16:48,5.81,0.002
977,2018-12-29 17:03,5.81,0.001
978,2018-12-29 17:18,5.81,0.002
979,2018-12-29 17:33,5.81,0.002
980,2018-12-29 17:48,5.81,0.001
981,2018-12-29 18:03,5.81,0.001
982,2018-12-29 18:18,5.81,0.001
983,2018-12-29 18:33,5.75,0.001
984,2018-12-29 18:48,5.75,0.001
985,2018-12-29 19:03,5.75,0.001
986,2018-12-29 19:18,5.69,0.001
987,2018-12-29 19:33,5.63,0.001
988,2018-12-29 19:48,5.63,0.001
989,2018-12-29 20:03,5.63,0.001
990,2018-12-29 20:18,5.56,0
991,2018-12-29 20:33,5.56,0
992,2018-12-29 20:48,5.56,0
993,2018-12-29 21:03,5.5,0
994,2018-12-29 21:18,5.44,0
995,2018-12-29 21:33,5.44,-0.001
996,2018-12-29 21:48,5.38,-0.002
997,2018-12-29 22:03,5.38,-0.002
998,2018-12-29 22:18,5.38,-0.002
999,2018-12-29 22:33,5.31,-0.002
1000,2018-12-29 22:48,5.31,-0.002
1001,2018-12-29 23:03,5.31,-0.002
1002,2018-12-29 23:18,5.31,-0.002
1003,2018-12-29 23:33,5.31,-0.002
1004,2018-12-29 23:48,5.25,-0.002
1005,2018-12-30 0:03,5.25,-0.002
1006,2018-12-30 0:18,5.25,-0.002
1007,2018-12-30 0:33,5.25,-0.002
1008,2018-12-30 0:48,5.25,-0.003
1009,2018-12-30 1:03,5.25,-0.003
1010,2018-12-30 1:18,5.19,-0.004
1011,2018-12-30 1:33,5.19,-0.003
1012,2018-12-30 1:48,5.19,-0.004
1013,2018-12-30 2:03,5.19,-0.004
1014,2018-12-30 2:18,5.19,-0.004
1015,2018-12-30 2:33,5.13,-0.004
1016,2018-12-30 2:48,5.13,-0.004
1017,2018-12-30 3:03,5.13,-0.004
1018,2018-12-30 3:18,5.06,-0.005
1019,2018-12-30 3:33,5.06,-0.004
1020,2018-12-30 3:48,5.06,-0.004
1021,2018-12-30 4:03,5,-0.005
1022,2018-12-30 4:18,5,-0.004
1023,2018-12-30 4:33,5,-0.004
1024,2018-12-30 4:48,4.94,-0.004
1025,2018-12-30 5:03,4.94,-0.004
1026,2018-12-30 5:18,4.94,-0.005
1027,2018-12-30 5:33,4.88,-0.005
1028,2018-12-30 5:48,4.88,-0.005
1029,2018-12-30 6:03,4.88,-0.006
1030,2018-12-30 6:18,4.81,-0.006
1031,2018-12-30 6:33,4.81,-0.006
1032,2018-12-30 6:48,4.75,-0.006
1033,2018-12-30 7:03,4.69,-0.007
1034,2018-12-30 7:18,4.69,-0.007
1035,2018-12-30 7:33,4.69,-0.007
1036,2018-12-30 7:48,4.63,-0.007
1037,2018-12-30 8:03,4.63,-0.007
1038,2018-12-30 8:18,4.63,-0.007
1039,2018-12-30 8:33,4.56,-0.007
1040,2018-12-30 8:48,4.56,-0.007
1041,2018-12-30 9:03,4.56,-0.008
1042,2018-12-30 9:18,4.56,-0.007
1043,2018-12-30 9:33,4.56,-0.007
1044,2018-12-30 9:48,4.5,-0.008
1045,2018-12-30 10:03,4.56,-0.008
1046,2018-12-30 10:18,4.56,-0.008
1047,2018-12-30 10:33,4.5,-0.008
1048,2018-12-30 10:48,4.5,-0.007
1049,2018-12-30 11:03,4.5,-0.007
1050,2018-12-30 11:18,4.5,-0.007
1051,2018-12-30 11:33,4.56,-0.007
1052,2018-12-30 11:48,4.5,-0.006
1053,2018-12-30 12:03,4.5,-0.006
1054,2018-12-30 12:18,4.56,-0.006
1055,2018-12-30 12:33,4.56,-0.006
1056,2018-12-30 12:48,4.56,-0.006
1057,2018-12-30 13:03,4.56,-0.006
1058,2018-12-30 13:18,4.56,-0.006
1059,2018-12-30 13:33,4.63,-0.006
1060,2018-12-30 13:48,4.56,-0.006
1061,2018-12-30 14:03,4.63,-0.006
1062,2018-12-30 14:18,4.56,-0.006
1063,2018-12-30 14:33,4.63,-0.006
1064,2018-12-30 14:48,4.63,-0.006
1065,2018-12-30 15:03,4.63,-0.006
1066,2018-12-30 15:18,4.56,-0.007
1067,2018-12-30 15:33,4.56,-0.007
1068,2018-12-30 15:48,4.56,-0.007
1069,2018-12-30 16:03,4.56,-0.007
1070,2018-12-30 16:18,4.56,-0.007
1071,2018-12-30 16:33,4.5,-0.007
1072,2018-12-30 16:48,4.5,-0.007
1073,2018-12-30 17:03,4.5,-0.007
1074,2018-12-30 17:18,4.5,-0.007
1075,2018-12-30 17:33,4.5,-0.007
1076,2018-12-30 17:48,4.5,-0.007
1077,2018-12-30 18:03,4.44,-0.007
1078,2018-12-30 18:18,4.44,-0.008
1079,2018-12-30 18:33,4.44,-0.008
1080,2018-12-30 18:48,4.44,-0.008
1081,2018-12-30 19:03,4.38,-0.008
1082,2018-12-30 19:18,4.38,-0.008
1083,2018-12-30 19:33,4.38,-0.008
1084,2018-12-30 19:48,4.38,-0.008
1085,2018-12-30 20:03,4.31,-0.008
1086,2018-12-30 20:18,4.31,-0.008
1087,2018-12-30 20:33,4.31,-0.008
1088,2018-12-30 20:48,4.31,-0.008
1089,2018-12-30 21:03,4.31,-0.008
1090,2018-12-30 21:18,4.31,-0.008
1091,2018-12-30 21:33,4.31,-0.008
1092,2018-12-30 21:48,4.31,-0.008
1093,2018-12-30 22:03,4.25,-0.008
1094,2018-12-30 22:18,4.31,-0.008
1095,2018-12-30 22:33,4.31,-0.008
1096,2018-12-30 22:48,4.31,-0.008
1097,2018-12-30 23:03,4.25,-0.008
1098,2018-12-30 23:18,4.25,-0.008
1099,2018-12-30 23:33,4.25,-0.008
1100,2018-12-30 23:48,4.19,-0.008
1101,2018-12-31 0:03,4.19,-0.008
1102,2018-12-31 0:18,4.19,-0.008
1103,2018-12-31 0:33,4.19,-0.008
1104,2018-12-31 0:48,4.13,-0.008
1105,2018-12-31 1:03,4.13,-0.008
1106,2018-12-31 1:18,4.06,-0.008
1107,2018-12-31 1:33,4.06,-0.008
1108,2018-12-31 1:48,4.06,-0.008
1109,2018-12-31 2:03,4.06,0.003
1110,2018-12-31 2:18,4,0.003
1111,2018-12-31 2:33,4,0.003
1112,2018-12-31 2:48,4.06,0.003
1113,2018-12-31 3:03,4,0.003
1114,2018-12-31 3:18,4,0.003
1115,2018-12-31 3:33,4,0.003
1116,2018-12-31 3:48,4,0.003
1117,2018-12-31 4:03,3.94,0.003
1118,2018-12-31 4:18,3.94,0.003
1119,2018-12-31 4:33,3.88,0.003
1120,2018-12-31 4:48,3.94,0.003
1121,2018-12-31 5:03,3.94,0.003
1122,2018-12-31 5:18,3.88,0.003
1123,2018-12-31 5:33,3.88,0.003
1124,2018-12-31 5:48,3.88,0.003
1125,2018-12-31 6:03,3.81,0.003
1126,2018-12-31 6:18,3.81,0.003
1127,2018-12-31 6:33,3.81,0.003
1128,2018-12-31 6:48,3.81,0.003
1129,2018-12-31 7:03,3.81,0.003
1130,2018-12-31 7:18,3.81,0.003
1131,2018-12-31 7:33,3.81,0.003
1132,2018-12-31 7:48,3.75,0.003
1133,2018-12-31 8:03,3.75,0.003
1134,2018-12-31 8:18,3.69,0.003
1135,2018-12-31 8:33,3.69,0.003
1136,2018-12-31 8:48,3.69,0.003
1137,2018-12-31 9:03,3.69,0.003
1138,2018-12-31 9:18,3.63,0.003
1139,2018-12-31 9:33,3.63,0.003
1140,2018-12-31 9:48,3.63,0.003
1141,2018-12-31 10:03,3.63,0.003
1142,2018-12-31 10:18,3.63,0.003
1143,2018-12-31 10:33,3.63,0.003
1144,2018-12-31 10:48,3.69,0.003
1145,2018-12-31 11:03,3.69,0.003
1146,2018-12-31 11:18,3.69,0.003
1147,2018-12-31 11:33,3.75,0.003
1148,2018-12-31 11:48,3.75,0.003
1149,2018-12-31 12:03,3.81,0.003
1150,2018-12-31 12:18,3.81,0.003
1151,2018-12-31 12:33,3.81,0.003
1152,2018-12-31 12:48,3.81,0.003
1153,2018-12-31 13:03,3.75,0.003
1154,2018-12-31 13:18,3.75,0.003
1155,2018-12-31 13:33,3.81,0.003
1156,2018-12-31 13:48,3.88,0.003
1157,2018-12-31 14:03,3.88,0.003
1158,2018-12-31 14:18,3.88,0.003
1159,2018-12-31 14:33,3.88,0.003
1160,2018-12-31 14:48,3.94,0.003
1161,2018-12-31 15:03,3.94,0.003
1162,2018-12-31 15:18,3.94,0.003
1163,2018-12-31 15:33,3.94,0.003
1164,2018-12-31 15:48,3.88,0.003
1165,2018-12-31 16:03,3.88,0.003
1166,2018-12-31 16:18,3.88,0.003
1167,2018-12-31 16:33,3.81,0.003
1168,2018-12-31 16:48,3.81,0.003
1169,2018-12-31 17:03,3.75,0.003
1170,2018-12-31 17:18,3.75,0.003
1171,2018-12-31 17:33,3.75,0.003
1172,2018-12-31 17:48,3.69,0.003
1173,2018-12-31 18:03,3.69,0.003
1174,2018-12-31 18:18,3.63,0.003
1175,2018-12-31 18:33,3.63,0.003
1176,2018-12-31 18:48,3.63,0.003
1177,2018-12-31 19:03,3.63,0.003
1178,2018-12-31 19:18,3.63,0.003
1179,2018-12-31 19:33,3.63,0.003
1180,2018-12-31 19:48,3.56,0.003
1181,2018-12-31 20:03,3.5,0.003
1182,2018-12-31 20:18,3.5,0.003
1183,2018-12-31 20:33,3.44,0.003
1184,2018-12-31 20:48,3.44,0.003
1185,2018-12-31 21:03,3.44,0.003
1186,2018-12-31 21:18,3.38,0.003
1187,2018-12-31 21:33,3.38,0.003
1188,2018-12-31 21:48,3.38,0.003
1189,2018-12-31 22:03,3.38,0.003
1190,2018-12-31 22:18,3.38,0.003
1191,2018-12-31 22:33,3.38,0.003
1192,2018-12-31 22:48,3.31,0.003
1193,2018-12-31 23:03,3.31,0.003
1194,2018-12-31 23:18,3.31,0.003
1195,2018-12-31 23:33,3.31,0.003
1196,2018-12-31 23:48,3.31,0.003